state_border_key,state_name,state_code,total_stations_clubbed,corridor_stations_count,total_halt_events,primary_railway_zones,major_junctions,corridor_stations_list
SB-UP,Uttar Pradesh,UP,1936,28,19664,"?, ECR, NCR, NER, NR, NWR, WCR","CNB, DDU, GZB, PRYJ, VGLJ, LKO, MB, BSB","AGC, ALJN, BDL, BE, BFP, BSB, CAR, CNB, DDU, ETW, GJL, GOY, GZB, HPU, JNH, JOP, LKO, MB, MKP, MTJ, MZP, NHH, PCOI, PRYJ, SLN, SPN, TDL, VGLJ"
SB-BR,Bihar,BR,824,17,16987,"?, CR, ECR, ER, NER, NFR","PNBE, HJP, GAYA, ARA, SPJ, KIUL, BJU, CPR","ARA, AUBR, BARH, BBU, BKP, BXR, DNR, DOS, GAYA, JAJ, JMU, KIUL, KNE, MKA, PNBE, RFJ, SSM"
SB-MH,Maharashtra,MH,783,56,17361,"?, CR, KR, NER, SCR, SECR, SWR, WR","KYN, BSL, PUNE, NGP, MMR, BVI, ULNR, VLDI","AGN, AJNI, AK, AKOR, BD, BDTS, BDWD, BPQ, BRD, BSL, BVI, CD, CND, CSMT, CSN, DD, DMN, DR, DUD, DVL, G, HGT, IGP, JEUR, JL, JM, KJT, KK, KP, KSRA, KWV, KYN, LNL, LTT, MKU, MMCT, MMR, MZR, NGP, NITR, NK, NN, NRKR, NU, PC, PLO, PUNE, SEG, SEGM, SKS, SUR, TMR, TNA, TRO, VNA, WR"
SB-WB,West Bengal,WB,751,39,39699,"?, ER, NFR, NWR, SER","SDAH, HWH, DDJ, BNXR, BWN, KGP, BDC, NH","ADRA, ASN, AUB, AZ, BDC, BHP, BQA, BRR, BWN, CRJ, DGR, DQG, FLK, HWH, JGM, JPE, JRLE, KGP, KOAA, KWAE, MCA, MDN, MLDT, NCB, NDAE, NFK, NILE, NJP, NOQ, PAN, PKU, PRR, RNG, RPH, SDAH, SHM, SNT, SRC, ULB"
SB-RJ,Rajasthan,RJ,676,16,10402,"?, NCR, NR, NWR, WCR, WR","JP, KOTA, SWM, AII, BTE, KSG, FL, JU","ABR, AII, AWR, DHO, FA, FL, JP, KOTA, KRH, KSG, NMK, PDWA, RANI, RGS, SMPR, SWM"
SB-MP,Madhya Pradesh,MP,592,28,10298,"?, CR, ECR, NCR, NER, SCR, SECR, SWR, WCR, WR","ET, RTM, BPL, JBP, STA, GWL, BINA, KTE","AMLA, BAQ, BAU, BHS, BINA, BMB, BPL, BZU, ET, GAR, GDYA, GWL, HD, JBP, KNW, KTE, KY, MRA, MYR, NAD, NDPM, PAR, PPI, RKMP, RTM, SRID, SRJ, STA"
SB-GJ,Gujarat,GJ,584,14,8852,"?, NWR, WR","BRC, ST, ADI, ANND, VAPI, BL, ND, BH","ADI, ANND, BH, BL, BRC, DHD, GNC, KLL, MSH, ND, PNU, SBIB, ST, VAPI"
SB-TN,Tamil Nadu,TN,569,6,26391,"?, SR, SWR","MSB, TBM, MS, MSF, MBM, GDY, MPK, CMP","AJJ, MAS, MS, PER, TRL, TRT"
SB-AP,Andhra Pradesh,AP,560,38,11459,"?, ECOR, NER, NR, SCR, SWR, WR","BZA, OGL, NLR, RJY, RU, VSKP, VZM, GDR","AD, AKP, ANV, BPP, BZA, CHE, CLX, CPP, DVD, EE, GDR, GTL, GY, HX, IPM, KO, KOU, MALM, NDD, NLR, NWP, NYP, OGL, PSA, PUT, RJP, RJY, RU, SLO, SPE, SPT, TDD, TEL, TU, TUNI, VSKP, VZM, YA"
SB-KA,Karnataka,KA,429,10,7870,"?, CR, KR, SCR, SR, SWR","YPR, SBC, KJM, BWT, UBL, ASK, TK, RC","GUR, KLBG, KSN, MTU, NW, RC, SADP, SDB, WADI, YG"
SB-AS,Assam,AS,323,6,3507,NFR,"NBQ, GHY, KYQ, RNY, KOJ, HJI, LMG, BPRD","GHY, GLPT, KOJ, KYQ, NBQ, RNY"
SB-JH,Jharkhand,JH,316,16,5165,"?, ECR, ER, SER","JSME, TATA, DHN, MDP, KQR, RNC, MURI, GMO","CKP, CKU, DHN, GMO, GOL, GTS, GUD, HZD, JMT, JSME, KQR, MDP, PNME, PSB, SINI, TATA"
SB-OD,Odisha,OD,311,15,5742,"?, ECOR, SER, WR","BBS, KUR, CTC, BLS, BAM, BHC, JJKR, ROU","BALU, BAM, BBS, BHC, BLS, BPH, BRJN, CAP, CTC, GP, JER, JJKR, JSG, KUR, ROU"
SB-PB,Punjab,PB,300,0,4665,"?, NR, NWR","LDH, JUC, ASR, JRC, BEAS, BTI, PGW, PTKC",
SB-HR,Haryana,HR,228,3,4439,"?, NR, NWR","UMB, RE, GGN, ROK, PNP, JIND, YJUD, HSR","GGN, NNL, RE"
SB-KL,Kerala,KL,190,0,5218,"NWR, SR","TCR, QLN, PGT, AWY, KYJ, SRR, ERS, CLT",
SB-CG,Chhattisgarh,CG,159,18,2762,"?, ECOR, SECR","R, DURG, BSP, BYT, RJN, RIG, CPH, BPHB","AKT, BIA, BPHB, BQR, BSP, BYL, BYT, CPH, DBEC, DGG, DURG, KHS, NIA, R, RIG, RJN, SKT, TLD"
SB-TS,Telangana,TS,132,7,4825,SCR,"SC, WL, KCG, LPI, CHZ, KZJ, BMT, SKZR","BPA, KMT, MCI, MOU, RDM, SKZR, WL"
SB-UK,Uttarakhand,UK,61,0,931,"NER, NR","RK, HW, LKU, DDN, KPV, RWL, YNRK, RUPC",
SB-HP,Himachal Pradesh,HP,60,0,471,NR,"UHL, AADR, BJPL, JMKR, DLPC, KGMR, PHRH, NGRT",
SB-JK,Jammu and Kashmir,JK,50,0,739,NR,"JAT, MSKT, MCTM, SVDK, BDGM, SINA, BAHL, HRNR",
SB-DL,Delhi,DL,49,5,2330,"NR, NWR","NDLS, DLI, NZM, ANVT, DEC, SBB, DSA, DEE","ANVT, DEC, DEE, NDLS, NZM"
SB-TR,Tripura,TR,29,0,288,NFR,"AGTL, DMR, ABSA, KUGT, TLMR, JIBI, SBRM, MGKM",
SB-GA,Goa,GA,19,0,427,"KR, SWR","MAO, THVM, KRMI, VSG, SVM, QLM, CNO, PERN",
SB-MZ,Mizoram,MZ,5,0,24,NFR,"BHRB, SANG, HRTK, KWNI, MAKG",
SB-MN,Manipur,MN,5,0,14,NFR,"JRBM, VNGP, KGBP, RGBP, TGBP",
SB-NL,Nagaland,NL,5,0,56,NFR,"DMV, DSR, SKHV, RXR, RXRX",
SB-PY,Puducherry,PY,3,0,74,SR,"MAHE, PDY, VI",
SB-CH,Chandigarh,CH,1,0,86,NR,CDG,
